bin	id
WM01_S1_019	K00001
WM01_S1_019	K00001
WM01_S1_019	K00001
WM01_S1_019	K00001
WM01_S1_019	K00001
WM01_S1_019	K00001
WM01_S1_019	K00001
WM01_S1_019	K00001
WM01_S1_019	K00001
WM01_S1_019	K00001
WM01_S1_019	K00004
WM01_S1_019	K00004
WM01_S1_019	K00004
WM01_S1_019	K00004
WM01_S1_019	K00004
WM01_S1_019	K00004
WM01_S1_019	K00004
WM01_S1_019	K00013
WM01_S1_019	K00013
WM01_S1_019	K00014
WM01_S1_019	K00014
WM01_S1_019	K00020
WM01_S1_019	K00024
WM01_S1_019	K00024
WM01_S1_019	K00024
WM01_S1_019	K00024
WM01_S1_019	K00024
WM01_S1_019	K00033
WM01_S1_019	K00033
WM01_S1_019	K00036
WM01_S1_019	K00036
WM01_S1_019	K00036
WM01_S1_019	K00052
WM01_S1_019	K00058
WM01_S1_019	K00060
WM01_S1_019	K00065
WM01_S1_019	K00075
WM01_S1_019	K00075
WM01_S1_019	K00087
WM01_S1_019	K00087
WM01_S1_019	K00088
WM01_S1_019	K00109
WM01_S1_019	K00121
WM01_S1_019	K00121
WM01_S1_019	K00121
WM01_S1_019	K00121
WM01_S1_019	K00121
WM01_S1_019	K00121
WM01_S1_019	K00121
WM01_S1_019	K00121
WM01_S1_019	K00121
WM01_S1_019	K00121
WM01_S1_019	K00121
WM01_S1_019	K00130
WM01_S1_019	K00130
WM01_S1_019	K00135
WM01_S1_019	K00135
WM01_S1_019	K00135
WM01_S1_019	K00145
WM01_S1_019	K00145
WM01_S1_019	K00145
WM01_S1_019	K00145
WM01_S1_019	K00145
WM01_S1_019	K00145
WM01_S1_019	K00147
WM01_S1_019	K00148
WM01_S1_019	K00155
WM01_S1_019	K00161
WM01_S1_019	K00162
WM01_S1_019	K00163
WM01_S1_019	K00164
WM01_S1_019	K00164
WM01_S1_019	K00174
WM01_S1_019	K00174
WM01_S1_019	K00175
WM01_S1_019	K00175
WM01_S1_019	K00200
WM01_S1_019	K00200
WM01_S1_019	K00200
WM01_S1_019	K00201
WM01_S1_019	K00201
WM01_S1_019	K00201
WM01_S1_019	K00202
WM01_S1_019	K00202
WM01_S1_019	K00202
WM01_S1_019	K00215
WM01_S1_019	K00215
WM01_S1_019	K00226
WM01_S1_019	K00240
WM01_S1_019	K00240
WM01_S1_019	K00240
WM01_S1_019	K00249
WM01_S1_019	K00249
WM01_S1_019	K00249
WM01_S1_019	K00259
WM01_S1_019	K00259
WM01_S1_019	K00260
WM01_S1_019	K00260
WM01_S1_019	K00260
WM01_S1_019	K00260
WM01_S1_019	K00260
WM01_S1_019	K00274
WM01_S1_019	K00274
WM01_S1_019	K00274
WM01_S1_019	K00274
WM01_S1_019	K00274
WM01_S1_019	K00278
WM01_S1_019	K00282
WM01_S1_019	K00283
WM01_S1_019	K00286
WM01_S1_019	K00301
WM01_S1_019	K00320
WM01_S1_019	K00320
WM01_S1_019	K00326
WM01_S1_019	K00330
WM01_S1_019	K00331
WM01_S1_019	K00333
WM01_S1_019	K00366
WM01_S1_019	K00366
WM01_S1_019	K00368
WM01_S1_019	K00380
WM01_S1_019	K00381
WM01_S1_019	K00382
WM01_S1_019	K00382
WM01_S1_019	K00390
WM01_S1_019	K00428
WM01_S1_019	K00428
WM01_S1_019	K00435
WM01_S1_019	K00436
WM01_S1_019	K00436
WM01_S1_019	K00443
WM01_S1_019	K00443
WM01_S1_019	K00465
WM01_S1_019	K00526
WM01_S1_019	K00526
WM01_S1_019	K00529
WM01_S1_019	K00543
WM01_S1_019	K00558
WM01_S1_019	K00558
WM01_S1_019	K00567
WM01_S1_019	K00567
WM01_S1_019	K00568
WM01_S1_019	K00568
WM01_S1_019	K00602
WM01_S1_019	K00605
WM01_S1_019	K00615
WM01_S1_019	K00615
WM01_S1_019	K00615
WM01_S1_019	K00615
WM01_S1_019	K00620
WM01_S1_019	K00626
WM01_S1_019	K00626
WM01_S1_019	K00632
WM01_S1_019	K00639
WM01_S1_019	K00677
WM01_S1_019	K00677
WM01_S1_019	K00677
WM01_S1_019	K00688
WM01_S1_019	K00688
WM01_S1_019	K00688
WM01_S1_019	K00700
WM01_S1_019	K00703
WM01_S1_019	K00703
WM01_S1_019	K00720
WM01_S1_019	K00721
WM01_S1_019	K00721
WM01_S1_019	K00748
WM01_S1_019	K00748
WM01_S1_019	K00759
WM01_S1_019	K00766
WM01_S1_019	K00766
WM01_S1_019	K00789
WM01_S1_019	K00789
WM01_S1_019	K00789
WM01_S1_019	K00789
WM01_S1_019	K00797
WM01_S1_019	K00797
WM01_S1_019	K00797
WM01_S1_019	K00800
WM01_S1_019	K00800
WM01_S1_019	K00812
WM01_S1_019	K00812
WM01_S1_019	K00812
WM01_S1_019	K00812
WM01_S1_019	K00812
WM01_S1_019	K00812
WM01_S1_019	K00812
WM01_S1_019	K00812
WM01_S1_019	K00812
WM01_S1_019	K00817
WM01_S1_019	K00817
WM01_S1_019	K00817
WM01_S1_019	K00820
WM01_S1_019	K00820
WM01_S1_019	K00823
WM01_S1_019	K00823
WM01_S1_019	K00824
WM01_S1_019	K00824
WM01_S1_019	K00824
WM01_S1_019	K00826
WM01_S1_019	K00826
WM01_S1_019	K00830
WM01_S1_019	K00830
WM01_S1_019	K00830
WM01_S1_019	K00830
WM01_S1_019	K00850
WM01_S1_019	K00850
WM01_S1_019	K00850
WM01_S1_019	K00850
WM01_S1_019	K00850
WM01_S1_019	K00854
WM01_S1_019	K00873
WM01_S1_019	K00873
WM01_S1_019	K00873
WM01_S1_019	K00873
WM01_S1_019	K00873
WM01_S1_019	K00874
WM01_S1_019	K00912
WM01_S1_019	K00917
WM01_S1_019	K00917
WM01_S1_019	K00925
WM01_S1_019	K00925
WM01_S1_019	K00925
WM01_S1_019	K00931
WM01_S1_019	K00931
WM01_S1_019	K00931
WM01_S1_019	K00937
WM01_S1_019	K00939
WM01_S1_019	K00939
WM01_S1_019	K00942
WM01_S1_019	K00945
WM01_S1_019	K00955
WM01_S1_019	K00955
WM01_S1_019	K00955
WM01_S1_019	K00955
WM01_S1_019	K00955
WM01_S1_019	K00955
WM01_S1_019	K00955
WM01_S1_019	K00955
WM01_S1_019	K00955
WM01_S1_019	K00955
WM01_S1_019	K00955
WM01_S1_019	K00957
WM01_S1_019	K00957
WM01_S1_019	K00957
WM01_S1_019	K00957
WM01_S1_019	K00957
WM01_S1_019	K00957
WM01_S1_019	K00957
WM01_S1_019	K00957
WM01_S1_019	K00957
WM01_S1_019	K00962
WM01_S1_019	K00962
WM01_S1_019	K00965
WM01_S1_019	K00966
WM01_S1_019	K00971
WM01_S1_019	K00971
WM01_S1_019	K00972
WM01_S1_019	K00974
WM01_S1_019	K00975
WM01_S1_019	K00975
WM01_S1_019	K00978
WM01_S1_019	K00978
WM01_S1_019	K00979
WM01_S1_019	K00979
WM01_S1_019	K01006
WM01_S1_019	K01006
WM01_S1_019	K01006
WM01_S1_019	K01006
WM01_S1_019	K01006
WM01_S1_019	K01006
WM01_S1_019	K01006
WM01_S1_019	K01007
WM01_S1_019	K01007
WM01_S1_019	K01007
WM01_S1_019	K01007
WM01_S1_019	K01007
WM01_S1_019	K01007
WM01_S1_019	K01007
WM01_S1_019	K01007
WM01_S1_019	K01026
WM01_S1_019	K01026
WM01_S1_019	K01026
WM01_S1_019	K01046
WM01_S1_019	K01057
WM01_S1_019	K01186
WM01_S1_019	K01191
WM01_S1_019	K01192
WM01_S1_019	K01196
WM01_S1_019	K01196
WM01_S1_019	K01196
WM01_S1_019	K01196
WM01_S1_019	K01196
WM01_S1_019	K01208
WM01_S1_019	K01208
WM01_S1_019	K01214
WM01_S1_019	K01236
WM01_S1_019	K01239
WM01_S1_019	K01243
WM01_S1_019	K01251
WM01_S1_019	K01251
WM01_S1_019	K01259
WM01_S1_019	K01286
WM01_S1_019	K01286
WM01_S1_019	K01303
WM01_S1_019	K01425
WM01_S1_019	K01425
WM01_S1_019	K01425
WM01_S1_019	K01425
WM01_S1_019	K01426
WM01_S1_019	K01426
WM01_S1_019	K01426
WM01_S1_019	K01426
WM01_S1_019	K01426
WM01_S1_019	K01432
WM01_S1_019	K01438
WM01_S1_019	K01438
WM01_S1_019	K01443
WM01_S1_019	K01451
WM01_S1_019	K01464
WM01_S1_019	K01465
WM01_S1_019	K01470
WM01_S1_019	K01473
WM01_S1_019	K01473
WM01_S1_019	K01473
WM01_S1_019	K01487
WM01_S1_019	K01487
WM01_S1_019	K01494
WM01_S1_019	K01499
WM01_S1_019	K01499
WM01_S1_019	K01499
WM01_S1_019	K01515
WM01_S1_019	K01519
WM01_S1_019	K01519
WM01_S1_019	K01537
WM01_S1_019	K01556
WM01_S1_019	K01576
WM01_S1_019	K01586
WM01_S1_019	K01586
WM01_S1_019	K01588
WM01_S1_019	K01589
WM01_S1_019	K01591
WM01_S1_019	K01595
WM01_S1_019	K01595
WM01_S1_019	K01595
WM01_S1_019	K01609
WM01_S1_019	K01610
WM01_S1_019	K01610
WM01_S1_019	K01620
WM01_S1_019	K01624
WM01_S1_019	K01624
WM01_S1_019	K01624
WM01_S1_019	K01624
WM01_S1_019	K01624
WM01_S1_019	K01626
WM01_S1_019	K01626
WM01_S1_019	K01637
WM01_S1_019	K01649
WM01_S1_019	K01652
WM01_S1_019	K01652
WM01_S1_019	K01653
WM01_S1_019	K01653
WM01_S1_019	K01657
WM01_S1_019	K01657
WM01_S1_019	K01674
WM01_S1_019	K01681
WM01_S1_019	K01681
WM01_S1_019	K01681
WM01_S1_019	K01681
WM01_S1_019	K01684
WM01_S1_019	K01685
WM01_S1_019	K01687
WM01_S1_019	K01687
WM01_S1_019	K01687
WM01_S1_019	K01714
WM01_S1_019	K01729
WM01_S1_019	K01729
WM01_S1_019	K01731
WM01_S1_019	K01731
WM01_S1_019	K01733
WM01_S1_019	K01735
WM01_S1_019	K01738
WM01_S1_019	K01738
WM01_S1_019	K01750
WM01_S1_019	K01754
WM01_S1_019	K01754
WM01_S1_019	K01758
WM01_S1_019	K01758
WM01_S1_019	K01758
WM01_S1_019	K01761
WM01_S1_019	K01761
WM01_S1_019	K01768
WM01_S1_019	K01776
WM01_S1_019	K01776
WM01_S1_019	K01776
WM01_S1_019	K01778
WM01_S1_019	K01783
WM01_S1_019	K01783
WM01_S1_019	K01784
WM01_S1_019	K01784
WM01_S1_019	K01803
WM01_S1_019	K01803
WM01_S1_019	K01803
WM01_S1_019	K01803
WM01_S1_019	K01803
WM01_S1_019	K01807
WM01_S1_019	K01807
WM01_S1_019	K01807
WM01_S1_019	K01807
WM01_S1_019	K01809
WM01_S1_019	K01809
WM01_S1_019	K01814
WM01_S1_019	K01814
WM01_S1_019	K01817
WM01_S1_019	K01825
WM01_S1_019	K01825
WM01_S1_019	K01825
WM01_S1_019	K01825
WM01_S1_019	K01825
WM01_S1_019	K01825
WM01_S1_019	K01825
WM01_S1_019	K01825
WM01_S1_019	K01825
WM01_S1_019	K01825
WM01_S1_019	K01825
WM01_S1_019	K01825
WM01_S1_019	K01825
WM01_S1_019	K01825
WM01_S1_019	K01825
WM01_S1_019	K01825
WM01_S1_019	K01825
WM01_S1_019	K01838
WM01_S1_019	K01838
WM01_S1_019	K01840
WM01_S1_019	K01840
WM01_S1_019	K01843
WM01_S1_019	K01848
WM01_S1_019	K01848
WM01_S1_019	K01849
WM01_S1_019	K01849
WM01_S1_019	K01856
WM01_S1_019	K01895
WM01_S1_019	K01897
WM01_S1_019	K01897
WM01_S1_019	K01904
WM01_S1_019	K01912
WM01_S1_019	K01923
WM01_S1_019	K01928
WM01_S1_019	K01928
WM01_S1_019	K01928
WM01_S1_019	K01933
WM01_S1_019	K01937
WM01_S1_019	K01940
WM01_S1_019	K01940
WM01_S1_019	K01945
WM01_S1_019	K01952
WM01_S1_019	K01953
WM01_S1_019	K01953
WM01_S1_019	K01953
WM01_S1_019	K01955
WM01_S1_019	K01955
WM01_S1_019	K01956
WM01_S1_019	K01956
WM01_S1_019	K01958
WM01_S1_019	K01958
WM01_S1_019	K01966
WM01_S1_019	K01968
WM01_S1_019	K01989
WM01_S1_019	K01990
WM01_S1_019	K02003
WM01_S1_019	K02004
WM01_S1_019	K02006
WM01_S1_019	K02007
WM01_S1_019	K02013
WM01_S1_019	K02020
WM01_S1_019	K02028
WM01_S1_019	K02029
WM01_S1_019	K02031
WM01_S1_019	K02032
WM01_S1_019	K02033
WM01_S1_019	K02034
WM01_S1_019	K02035
WM01_S1_019	K02036
WM01_S1_019	K02037
WM01_S1_019	K02045
WM01_S1_019	K02047
WM01_S1_019	K02049
WM01_S1_019	K02050
WM01_S1_019	K02065
WM01_S1_019	K02066
WM01_S1_019	K02067
WM01_S1_019	K02068
WM01_S1_019	K02074
WM01_S1_019	K02080
WM01_S1_019	K02080
WM01_S1_019	K02080
WM01_S1_019	K02294
WM01_S1_019	K02294
WM01_S1_019	K02316
WM01_S1_019	K02335
WM01_S1_019	K02335
WM01_S1_019	K02337
WM01_S1_019	K02337
WM01_S1_019	K02338
WM01_S1_019	K02338
WM01_S1_019	K02340
WM01_S1_019	K02340
WM01_S1_019	K02341
WM01_S1_019	K02341
WM01_S1_019	K02343
WM01_S1_019	K02343
WM01_S1_019	K02364
WM01_S1_019	K02372
WM01_S1_019	K02372
WM01_S1_019	K02372
WM01_S1_019	K02372
WM01_S1_019	K02372
WM01_S1_019	K02372
WM01_S1_019	K02372
WM01_S1_019	K02372
WM01_S1_019	K02377
WM01_S1_019	K02439
WM01_S1_019	K02480
WM01_S1_019	K02480
WM01_S1_019	K02480
WM01_S1_019	K02482
WM01_S1_019	K02482
WM01_S1_019	K02482
WM01_S1_019	K02491
WM01_S1_019	K02491
WM01_S1_019	K02491
WM01_S1_019	K02502
WM01_S1_019	K02510
WM01_S1_019	K02523
WM01_S1_019	K02523
WM01_S1_019	K02536
WM01_S1_019	K02536
WM01_S1_019	K02567
WM01_S1_019	K02636
WM01_S1_019	K02844
WM01_S1_019	K02844
WM01_S1_019	K02844
WM01_S1_019	K02844
WM01_S1_019	K02844
WM01_S1_019	K02844
WM01_S1_019	K02848
WM01_S1_019	K03040
WM01_S1_019	K03040
WM01_S1_019	K03043
WM01_S1_019	K03043
WM01_S1_019	K03046
WM01_S1_019	K03046
WM01_S1_019	K03148
WM01_S1_019	K03183
WM01_S1_019	K03183
WM01_S1_019	K03185
WM01_S1_019	K03185
WM01_S1_019	K03218
WM01_S1_019	K03218
WM01_S1_019	K03272
WM01_S1_019	K03272
WM01_S1_019	K03273
WM01_S1_019	K03274
WM01_S1_019	K03290
WM01_S1_019	K03365
WM01_S1_019	K03366
WM01_S1_019	K03366
WM01_S1_019	K03366
WM01_S1_019	K03366
WM01_S1_019	K03366
WM01_S1_019	K03366
WM01_S1_019	K03386
WM01_S1_019	K03386
WM01_S1_019	K03389
WM01_S1_019	K03389
WM01_S1_019	K03389
WM01_S1_019	K03389
WM01_S1_019	K03389
WM01_S1_019	K03389
WM01_S1_019	K03389
WM01_S1_019	K03407
WM01_S1_019	K03407
WM01_S1_019	K03407
WM01_S1_019	K03438
WM01_S1_019	K03438
WM01_S1_019	K03465
WM01_S1_019	K03515
WM01_S1_019	K03535
WM01_S1_019	K03564
WM01_S1_019	K03564
WM01_S1_019	K03575
WM01_S1_019	K03579
WM01_S1_019	K03649
WM01_S1_019	K03669
WM01_S1_019	K03669
WM01_S1_019	K03669
WM01_S1_019	K03669
WM01_S1_019	K03669
WM01_S1_019	K03669
WM01_S1_019	K03767
WM01_S1_019	K03768
WM01_S1_019	K03769
WM01_S1_019	K03770
WM01_S1_019	K03778
WM01_S1_019	K03778
WM01_S1_019	K03778
WM01_S1_019	K03778
WM01_S1_019	K03781
WM01_S1_019	K03781
WM01_S1_019	K03781
WM01_S1_019	K03781
WM01_S1_019	K03783
WM01_S1_019	K03783
WM01_S1_019	K03787
WM01_S1_019	K03787
WM01_S1_019	K03820
WM01_S1_019	K03820
WM01_S1_019	K03841
WM01_S1_019	K03841
WM01_S1_019	K03841
WM01_S1_019	K03934
WM01_S1_019	K03941
WM01_S1_019	K03942
WM01_S1_019	K04014
WM01_S1_019	K04015
WM01_S1_019	K04072
WM01_S1_019	K04072
WM01_S1_019	K04072
WM01_S1_019	K04072
WM01_S1_019	K04072
WM01_S1_019	K04072
WM01_S1_019	K04072
WM01_S1_019	K04072
WM01_S1_019	K04072
WM01_S1_019	K04072
WM01_S1_019	K04072
WM01_S1_019	K04072
WM01_S1_019	K04103
WM01_S1_019	K04486
WM01_S1_019	K04487
WM01_S1_019	K04561
WM01_S1_019	K05301
WM01_S1_019	K05301
WM01_S1_019	K05301
WM01_S1_019	K05343
WM01_S1_019	K05343
WM01_S1_019	K05551
WM01_S1_019	K05551
WM01_S1_019	K05552
WM01_S1_019	K05552
WM01_S1_019	K05572
WM01_S1_019	K05573
WM01_S1_019	K05575
WM01_S1_019	K05576
WM01_S1_019	K05577
WM01_S1_019	K05578
WM01_S1_019	K05580
WM01_S1_019	K05592
WM01_S1_019	K05710
WM01_S1_019	K05712
WM01_S1_019	K05712
WM01_S1_019	K05712
WM01_S1_019	K05712
WM01_S1_019	K05714
WM01_S1_019	K05820
WM01_S1_019	K05827
WM01_S1_019	K05832
WM01_S1_019	K05833
WM01_S1_019	K05873
WM01_S1_019	K06034
WM01_S1_019	K06044
WM01_S1_019	K06117
WM01_S1_019	K06117
WM01_S1_019	K06117
WM01_S1_019	K06153
WM01_S1_019	K06153
WM01_S1_019	K06607
WM01_S1_019	K06607
WM01_S1_019	K06607
WM01_S1_019	K06607
WM01_S1_019	K06607
WM01_S1_019	K06857
WM01_S1_019	K06861
WM01_S1_019	K06901
WM01_S1_019	K06941
WM01_S1_019	K06941
WM01_S1_019	K06949
WM01_S1_019	K06968
WM01_S1_019	K06968
WM01_S1_019	K06969
WM01_S1_019	K06969
WM01_S1_019	K07091
WM01_S1_019	K07250
WM01_S1_019	K07250
WM01_S1_019	K07402
WM01_S1_019	K07533
WM01_S1_019	K07535
WM01_S1_019	K07535
WM01_S1_019	K07535
WM01_S1_019	K07535
WM01_S1_019	K07535
WM01_S1_019	K07636
WM01_S1_019	K07636
WM01_S1_019	K07636
WM01_S1_019	K07644
WM01_S1_019	K07644
WM01_S1_019	K07644
WM01_S1_019	K07645
WM01_S1_019	K07645
WM01_S1_019	K07645
WM01_S1_019	K07646
WM01_S1_019	K07646
WM01_S1_019	K07646
WM01_S1_019	K07648
WM01_S1_019	K07648
WM01_S1_019	K07648
WM01_S1_019	K07675
WM01_S1_019	K07675
WM01_S1_019	K07675
WM01_S1_019	K07678
WM01_S1_019	K07678
WM01_S1_019	K07678
WM01_S1_019	K07679
WM01_S1_019	K07679
WM01_S1_019	K07679
WM01_S1_019	K07698
WM01_S1_019	K07698
WM01_S1_019	K07698
WM01_S1_019	K07709
WM01_S1_019	K07709
WM01_S1_019	K07709
WM01_S1_019	K08153
WM01_S1_019	K08161
WM01_S1_019	K08164
WM01_S1_019	K08167
WM01_S1_019	K08194
WM01_S1_019	K08227
WM01_S1_019	K08256
WM01_S1_019	K08298
WM01_S1_019	K08322
WM01_S1_019	K08322
WM01_S1_019	K08322
WM01_S1_019	K08322
WM01_S1_019	K08322
WM01_S1_019	K08322
WM01_S1_019	K08369
WM01_S1_019	K08483
WM01_S1_019	K08484
WM01_S1_019	K08678
WM01_S1_019	K08678
WM01_S1_019	K08679
WM01_S1_019	K08679
WM01_S1_019	K08679
WM01_S1_019	K08723
WM01_S1_019	K08723
WM01_S1_019	K08963
WM01_S1_019	K09013
WM01_S1_019	K09471
WM01_S1_019	K09667
WM01_S1_019	K09667
WM01_S1_019	K09667
WM01_S1_019	K09667
WM01_S1_019	K09667
WM01_S1_019	K09667
WM01_S1_019	K09690
WM01_S1_019	K09691
WM01_S1_019	K09694
WM01_S1_019	K09696
WM01_S1_019	K09697
WM01_S1_019	K09761
WM01_S1_019	K09761
WM01_S1_019	K09808
WM01_S1_019	K09810
WM01_S1_019	K09813
WM01_S1_019	K09817
WM01_S1_019	K09820
WM01_S1_019	K10036
WM01_S1_019	K10047
WM01_S1_019	K10206
WM01_S1_019	K10208
WM01_S1_019	K10208
WM01_S1_019	K10211
WM01_S1_019	K10211
WM01_S1_019	K10211
WM01_S1_019	K10211
WM01_S1_019	K10211
WM01_S1_019	K10211
WM01_S1_019	K10439
WM01_S1_019	K10440
WM01_S1_019	K10441
WM01_S1_019	K10536
WM01_S1_019	K10563
WM01_S1_019	K10563
WM01_S1_019	K10563
WM01_S1_019	K10563
WM01_S1_019	K10674
WM01_S1_019	K10713
WM01_S1_019	K10714
WM01_S1_019	K10773
WM01_S1_019	K10773
WM01_S1_019	K10773
WM01_S1_019	K10804
WM01_S1_019	K10804
WM01_S1_019	K10807
WM01_S1_019	K10807
WM01_S1_019	K10907
WM01_S1_019	K10907
WM01_S1_019	K11065
WM01_S1_019	K11065
WM01_S1_019	K11142
WM01_S1_019	K11166
WM01_S1_019	K11175
WM01_S1_019	K11354
WM01_S1_019	K11354
WM01_S1_019	K11354
WM01_S1_019	K11357
WM01_S1_019	K11357
WM01_S1_019	K11357
WM01_S1_019	K11383
WM01_S1_019	K11383
WM01_S1_019	K11383
WM01_S1_019	K11440
WM01_S1_019	K11440
WM01_S1_019	K11440
WM01_S1_019	K11440
WM01_S1_019	K11440
WM01_S1_019	K11440
WM01_S1_019	K11440
WM01_S1_019	K11440
WM01_S1_019	K11440
WM01_S1_019	K11440
WM01_S1_019	K11440
WM01_S1_019	K11527
WM01_S1_019	K11527
WM01_S1_019	K11527
WM01_S1_019	K11528
WM01_S1_019	K11529
WM01_S1_019	K11537
WM01_S1_019	K11608
WM01_S1_019	K11608
WM01_S1_019	K11708
WM01_S1_019	K11709
WM01_S1_019	K11710
WM01_S1_019	K11711
WM01_S1_019	K11711
WM01_S1_019	K11711
WM01_S1_019	K11781
WM01_S1_019	K11781
WM01_S1_019	K11816
WM01_S1_019	K11816
WM01_S1_019	K11816
WM01_S1_019	K11915
WM01_S1_019	K11915
WM01_S1_019	K11942
WM01_S1_019	K11942
WM01_S1_019	K11952
WM01_S1_019	K11953
WM01_S1_019	K12132
WM01_S1_019	K12132
WM01_S1_019	K12132
WM01_S1_019	K12251
WM01_S1_019	K12256
WM01_S1_019	K12256
WM01_S1_019	K12256
WM01_S1_019	K12371
WM01_S1_019	K12987
WM01_S1_019	K12987
WM01_S1_019	K12987
WM01_S1_019	K12987
WM01_S1_019	K12987
WM01_S1_019	K12987
WM01_S1_019	K12990
WM01_S1_019	K12990
WM01_S1_019	K12990
WM01_S1_019	K12990
WM01_S1_019	K12990
WM01_S1_019	K12990
WM01_S1_019	K12999
WM01_S1_019	K12999
WM01_S1_019	K12999
WM01_S1_019	K12999
WM01_S1_019	K12999
WM01_S1_019	K12999
WM01_S1_019	K13007
WM01_S1_019	K13007
WM01_S1_019	K13007
WM01_S1_019	K13007
WM01_S1_019	K13007
WM01_S1_019	K13007
WM01_S1_019	K13017
WM01_S1_019	K13017
WM01_S1_019	K13020
WM01_S1_019	K13020
WM01_S1_019	K13020
WM01_S1_019	K13020
WM01_S1_019	K13020
WM01_S1_019	K13298
WM01_S1_019	K13356
WM01_S1_019	K13356
WM01_S1_019	K13356
WM01_S1_019	K13356
WM01_S1_019	K13479
WM01_S1_019	K13479
WM01_S1_019	K13530
WM01_S1_019	K13530
WM01_S1_019	K13532
WM01_S1_019	K13532
WM01_S1_019	K13532
WM01_S1_019	K13533
WM01_S1_019	K13533
WM01_S1_019	K13533
WM01_S1_019	K13533
WM01_S1_019	K13547
WM01_S1_019	K13547
WM01_S1_019	K13587
WM01_S1_019	K13587
WM01_S1_019	K13587
WM01_S1_019	K13587
WM01_S1_019	K13601
WM01_S1_019	K13601
WM01_S1_019	K13668
WM01_S1_019	K13668
WM01_S1_019	K13668
WM01_S1_019	K13668
WM01_S1_019	K13668
WM01_S1_019	K13668
WM01_S1_019	K13669
WM01_S1_019	K13669
WM01_S1_019	K13669
WM01_S1_019	K13669
WM01_S1_019	K13669
WM01_S1_019	K13669
WM01_S1_019	K13671
WM01_S1_019	K13671
WM01_S1_019	K13671
WM01_S1_019	K13671
WM01_S1_019	K13671
WM01_S1_019	K13671
WM01_S1_019	K13671
WM01_S1_019	K13688
WM01_S1_019	K13688
WM01_S1_019	K13688
WM01_S1_019	K13688
WM01_S1_019	K13688
WM01_S1_019	K13688
WM01_S1_019	K13745
WM01_S1_019	K13763
WM01_S1_019	K13799
WM01_S1_019	K13810
WM01_S1_019	K13810
WM01_S1_019	K13810
WM01_S1_019	K13810
WM01_S1_019	K13810
WM01_S1_019	K13810
WM01_S1_019	K13810
WM01_S1_019	K13810
WM01_S1_019	K13810
WM01_S1_019	K13810
WM01_S1_019	K13810
WM01_S1_019	K13821
WM01_S1_019	K13821
WM01_S1_019	K13821
WM01_S1_019	K13830
WM01_S1_019	K13830
WM01_S1_019	K13830
WM01_S1_019	K13830
WM01_S1_019	K13830
WM01_S1_019	K13830
WM01_S1_019	K13830
WM01_S1_019	K13832
WM01_S1_019	K13832
WM01_S1_019	K13953
WM01_S1_019	K13953
WM01_S1_019	K13953
WM01_S1_019	K13953
WM01_S1_019	K13953
WM01_S1_019	K13953
WM01_S1_019	K13953
WM01_S1_019	K13953
WM01_S1_019	K13953
WM01_S1_019	K13953
WM01_S1_019	K13983
WM01_S1_019	K13983
WM01_S1_019	K14082
WM01_S1_019	K14082
WM01_S1_019	K14082
WM01_S1_019	K14082
WM01_S1_019	K14082
WM01_S1_019	K14251
WM01_S1_019	K14251
WM01_S1_019	K14259
WM01_S1_019	K14259
WM01_S1_019	K14261
WM01_S1_019	K14261
WM01_S1_019	K14261
WM01_S1_019	K14335
WM01_S1_019	K14335
WM01_S1_019	K14335
WM01_S1_019	K14335
WM01_S1_019	K14335
WM01_S1_019	K14335
WM01_S1_019	K14340
WM01_S1_019	K14340
WM01_S1_019	K14340
WM01_S1_019	K14340
WM01_S1_019	K14340
WM01_S1_019	K14340
WM01_S1_019	K14596
WM01_S1_019	K14596
WM01_S1_019	K14596
WM01_S1_019	K14596
WM01_S1_019	K14596
WM01_S1_019	K14596
WM01_S1_019	K14596
WM01_S1_019	K15054
WM01_S1_019	K15634
WM01_S1_019	K15634
WM01_S1_019	K15634
WM01_S1_019	K15634
WM01_S1_019	K15879
