"ID","day","month","year","date"
"WM01","18","08",2024,"08/18/2024"
"WM02","01","09",2024,"09/01/2024"
"WM03","15","09",2024,"09/15/2024"
"WM04","29","09",2024,"09/29/2024"
"WM05","13","10",2024,"10/13/2024"
"WM11","05","01",2025,"01/05/2025"
"WM12","19","01",2025,"01/19/2025"
"WM13","02","02",2025,"02/02/2025"
"WM14","16","02",2025,"02/16/2025"
"WM15","02","03",2025,"03/02/2025"
"WM16","16","03",2025,"03/16/2025"
"WM17","30","03",2025,"03/30/2025"
"WM18","13","04",2025,"04/13/2025"
"WM19","27","04",2025,"04/27/2025"
"WM20","11","05",2025,"05/11/2025"
"WM21","25","05",2025,"05/25/2025"
"WM22","08","06",2025,"06/08/2025"
"WM23","22","06",2025,"06/22/2025"
"WM24","06","07",2025,"07/06/2025"
